timestamp,free_spaces,total_spaces,occupancy
2026-09-03T12:21:57-04:00,28,1300,98
2026-09-03T14:31:52-04:00,66,1300,95
2026-09-03T14:44:56-04:00,91,1300,93
2026-09-03T15:00:58-04:00,129,1300,90
2026-09-03T15:20:42-04:00,168,1300,87
2026-09-03T15:25:17-04:00,202,1300,84
2026-09-03T15:30:16-04:00,216,1300,83
2026-09-03T15:35:12-04:00,232,1300,82
2026-09-03T15:40:16-04:00,240,1300,82
2026-09-03T15:45:16-04:00,267,1300,79
2026-09-03T15:50:13-04:00,289,1300,78
2026-09-03T15:55:15-04:00,307,1300,76
2026-09-03T16:00:18-04:00,311,1300,76
2026-09-03T16:05:11-04:00,337,1300,74
2026-09-03T16:10:14-04:00,345,1300,73
2026-09-03T16:15:24-04:00,348,1300,73
2026-09-03T16:20:17-04:00,347,1300,73
2026-09-03T16:25:17-04:00,357,1300,73
2026-09-03T16:30:17-04:00,363,1300,72
2026-09-03T16:35:12-04:00,372,1300,71
2026-09-03T16:40:14-04:00,385,1300,70
2026-09-03T16:45:15-04:00,402,1300,69
2026-09-03T16:50:13-04:00,418,1300,68
2026-09-03T16:55:14-04:00,431,1300,67
2026-09-03T17:00:23-04:00,443,1300,66
2026-09-03T17:05:12-04:00,448,1300,66
2026-09-03T17:10:19-04:00,469,1300,64
2026-09-03T17:15:15-04:00,479,1300,63
2026-09-03T17:20:14-04:00,504,1300,61
2026-09-03T17:25:14-04:00,527,1300,59
2026-09-03T17:30:20-04:00,554,1300,57
2026-09-03T17:35:12-04:00,581,1300,55
2026-09-03T17:39:39-04:00,598,1300,54
2026-09-03T17:40:12-04:00,598,1300,54
2026-09-03T17:45:13-04:00,605,1300,53
2026-09-03T17:50:15-04:00,610,1300,53
2026-09-03T17:55:17-04:00,610,1300,53
2026-09-03T18:00:26-04:00,622,1300,52
2026-09-03T18:05:13-04:00,630,1300,52
2026-09-03T18:10:14-04:00,640,1300,51
2026-09-03T18:15:13-04:00,647,1300,50
2026-09-03T18:20:13-04:00,661,1300,49
2026-09-03T18:25:12-04:00,665,1300,49
2026-09-03T18:30:15-04:00,671,1300,48
2026-09-03T18:35:14-04:00,693,1300,47
2026-09-03T18:40:14-04:00,714,1300,45
2026-09-03T18:45:14-04:00,736,1300,43
2026-09-03T18:50:16-04:00,746,1300,43
2026-09-03T18:55:11-04:00,766,1300,41
2026-09-03T19:00:19-04:00,789,1300,39
2026-09-03T19:05:13-04:00,812,1300,38
2026-09-03T19:10:12-04:00,823,1300,37
2026-09-03T19:15:13-04:00,838,1300,36
2026-09-03T19:20:15-04:00,874,1300,33
2026-09-03T19:25:18-04:00,890,1300,32
2026-09-03T19:30:27-04:00,893,1300,31
2026-09-03T19:31:09-04:00,894,1300,31
2026-09-03T19:35:23-04:00,898,1300,31
2026-09-03T19:40:17-04:00,906,1300,30
2026-09-03T19:45:16-04:00,922,1300,29
2026-09-03T19:50:16-04:00,933,1300,28
2026-09-03T19:55:11-04:00,948,1300,27
2026-09-03T20:00:19-04:00,962,1300,26
2026-09-03T20:05:10-04:00,971,1300,25
2026-09-03T20:10:13-04:00,984,1300,24
2026-09-03T20:15:15-04:00,994,1300,24
2026-09-03T20:20:13-04:00,1008,1300,22
2026-09-03T20:25:14-04:00,1016,1300,22
2026-09-03T20:30:17-04:00,1024,1300,21
2026-09-03T20:35:13-04:00,1042,1300,20
2026-09-03T20:40:14-04:00,1047,1300,19
2026-09-03T20:45:16-04:00,1050,1300,19
2026-09-03T20:50:16-04:00,1052,1300,19
2026-09-03T20:55:13-04:00,1059,1300,19
2026-09-03T21:00:20-04:00,1082,1300,17
2026-09-03T21:05:13-04:00,1097,1300,16
2026-09-03T21:10:13-04:00,1113,1300,14
2026-09-03T21:15:21-04:00,1120,1300,14
2026-09-03T21:16:35-04:00,1120,1300,14
2026-09-03T21:20:17-04:00,1128,1300,13
2026-09-03T21:25:12-04:00,1142,1300,12
2026-09-03T21:30:16-04:00,1152,1300,11
2026-09-03T21:35:12-04:00,1155,1300,11
2026-09-03T21:40:13-04:00,1164,1300,10
2026-09-03T21:45:13-04:00,1165,1300,10
2026-09-03T21:50:14-04:00,1168,1300,10
2026-09-03T21:55:17-04:00,1171,1300,10
2026-09-03T22:00:17-04:00,1171,1300,10
2026-09-03T22:05:10-04:00,1172,1300,10
2026-09-03T22:10:13-04:00,1176,1300,10
2026-09-03T22:15:13-04:00,1177,1300,9
2026-09-03T22:20:11-04:00,1178,1300,9
2026-09-03T22:25:10-04:00,1181,1300,9
2026-09-03T22:30:15-04:00,1185,1300,9
2026-09-03T22:35:13-04:00,1186,1300,9
2026-09-03T22:40:14-04:00,1186,1300,9
2026-09-03T22:45:12-04:00,1185,1300,9
2026-09-03T22:50:14-04:00,1185,1300,9
2026-09-03T22:55:13-04:00,1185,1300,9
2026-09-03T23:00:21-04:00,1186,1300,9
2026-09-03T23:05:13-04:00,1188,1300,9
2026-09-03T23:10:11-04:00,1188,1300,9
2026-09-03T23:15:12-04:00,1188,1300,9
2026-09-03T23:20:12-04:00,1191,1300,8
2026-09-03T23:25:10-04:00,1191,1300,8
2026-09-03T23:30:15-04:00,1191,1300,8
2026-09-03T23:35:11-04:00,1191,1300,8
2026-09-03T23:40:15-04:00,1192,1300,8
2026-09-03T23:45:13-04:00,1196,1300,8
2026-09-03T23:50:13-04:00,1198,1300,8
2026-09-03T23:55:12-04:00,1198,1300,8
2026-09-04T00:00:21-04:00,1198,1300,8
2026-09-04T00:05:16-04:00,1199,1300,8
2026-09-04T00:10:15-04:00,1200,1300,8
2026-09-04T00:15:12-04:00,1199,1300,8
2026-09-04T00:20:13-04:00,1199,1300,8
2026-09-04T00:25:11-04:00,1199,1300,8
2026-09-04T00:30:19-04:00,1200,1300,8
2026-09-04T00:35:12-04:00,1201,1300,8
2026-09-04T00:40:17-04:00,1201,1300,8
2026-09-04T00:45:12-04:00,1202,1300,8
2026-09-04T00:50:15-04:00,1202,1300,8
2026-09-04T00:55:11-04:00,1202,1300,8
2026-09-04T01:00:17-04:00,1202,1300,8
2026-09-04T01:05:13-04:00,1202,1300,8
2026-09-04T01:10:14-04:00,1202,1300,8
2026-09-04T01:15:12-04:00,1202,1300,8
2026-09-04T01:20:14-04:00,1203,1300,7
2026-09-04T01:25:19-04:00,1203,1300,7
2026-09-04T01:30:14-04:00,1203,1300,7
2026-09-04T01:35:11-04:00,1203,1300,7
2026-09-04T01:40:15-04:00,1203,1300,7
2026-09-04T01:45:13-04:00,1203,1300,7
2026-09-04T01:50:14-04:00,1203,1300,7
2026-09-04T01:55:10-04:00,1203,1300,7
2026-09-04T02:00:01-04:00,1203,1300,7
2026-09-04T02:00:22-04:00,1203,1300,7
2026-09-04T02:05:11-04:00,1203,1300,7
2026-09-04T02:10:15-04:00,1203,1300,7
2026-09-04T02:15:13-04:00,1203,1300,7
2026-09-04T02:20:13-04:00,1202,1300,8
2026-09-04T02:25:12-04:00,1203,1300,7
2026-09-04T02:30:16-04:00,1203,1300,7
2026-09-04T02:35:12-04:00,1203,1300,7
2026-09-04T02:40:14-04:00,1203,1300,7
2026-09-04T02:45:14-04:00,1203,1300,7
2026-09-04T02:50:20-04:00,1203,1300,7
2026-09-04T02:55:11-04:00,1202,1300,8
2026-09-04T03:00:21-04:00,1201,1300,8
2026-09-04T03:05:20-04:00,1201,1300,8
2026-09-04T03:10:12-04:00,1202,1300,8
2026-09-04T03:15:14-04:00,1202,1300,8
2026-09-04T03:20:14-04:00,1202,1300,8
2026-09-04T03:25:19-04:00,1202,1300,8
2026-09-04T03:30:16-04:00,1202,1300,8
2026-09-04T03:35:16-04:00,1202,1300,8
2026-09-04T03:40:19-04:00,1202,1300,8
2026-09-04T03:45:16-04:00,1202,1300,8
2026-09-04T03:50:14-04:00,1202,1300,8
2026-09-04T03:55:17-04:00,1202,1300,8
2026-09-04T04:00:19-04:00,1202,1300,8
2026-09-04T04:05:12-04:00,1202,1300,8
2026-09-04T04:10:21-04:00,1202,1300,8
2026-09-04T04:15:16-04:00,1202,1300,8
2026-09-04T04:20:14-04:00,1202,1300,8
2026-09-04T04:25:15-04:00,1202,1300,8
2026-09-04T04:30:16-04:00,1202,1300,8
2026-09-04T04:35:13-04:00,1202,1300,8
2026-09-04T04:40:14-04:00,1202,1300,8
2026-09-04T04:45:14-04:00,1202,1300,8
2026-09-04T04:50:14-04:00,1201,1300,8
2026-09-04T04:55:11-04:00,1201,1300,8
2026-09-04T05:00:23-04:00,1201,1300,8
2026-09-04T05:05:11-04:00,1201,1300,8
2026-09-04T05:10:19-04:00,1201,1300,8
2026-09-04T05:15:16-04:00,1201,1300,8
2026-09-04T05:20:14-04:00,1201,1300,8
2026-09-04T05:25:12-04:00,1201,1300,8
2026-09-04T05:30:17-04:00,1201,1300,8
2026-09-04T05:35:12-04:00,1201,1300,8
2026-09-04T05:40:14-04:00,1201,1300,8
2026-09-04T05:45:13-04:00,1201,1300,8
2026-09-04T05:50:13-04:00,1199,1300,8
2026-09-04T05:55:12-04:00,1196,1300,8
2026-09-04T06:00:26-04:00,1191,1300,8
2026-09-04T06:05:14-04:00,1190,1300,8
2026-09-04T06:10:15-04:00,1187,1300,9
2026-09-04T06:15:16-04:00,1185,1300,9
2026-09-04T06:20:14-04:00,1184,1300,9
2026-09-04T06:25:13-04:00,1184,1300,9
2026-09-04T06:30:16-04:00,1183,1300,9
2026-09-04T06:35:15-04:00,1179,1300,9
2026-09-04T06:40:15-04:00,1175,1300,10
2026-09-04T06:45:14-04:00,1172,1300,10
2026-09-04T06:50:14-04:00,1170,1300,10
2026-09-04T06:55:12-04:00,1164,1300,10
2026-09-04T07:00:22-04:00,1159,1300,11
2026-09-04T07:05:14-04:00,1156,1300,11
2026-09-04T07:06:39-04:00,1152,1300,11
2026-09-04T07:10:15-04:00,1150,1300,12
2026-09-04T07:15:15-04:00,1143,1300,12
2026-09-04T07:20:14-04:00,1129,1300,13
2026-09-04T07:25:11-04:00,1122,1300,14
2026-09-04T07:30:14-04:00,1112,1300,14
2026-09-04T07:35:13-04:00,1096,1300,16
2026-09-04T07:40:14-04:00,1081,1300,17
2026-09-04T07:45:14-04:00,1075,1300,17
2026-09-04T07:50:13-04:00,1065,1300,18
2026-09-04T07:55:12-04:00,1052,1300,19
2026-09-04T08:00:20-04:00,1031,1300,21
2026-09-04T08:05:11-04:00,1015,1300,22
2026-09-04T08:10:18-04:00,1001,1300,23
2026-09-04T08:15:13-04:00,995,1300,23
2026-09-04T08:20:12-04:00,974,1300,25
2026-09-04T08:25:13-04:00,958,1300,26
2026-09-04T08:30:27-04:00,949,1300,27
2026-09-04T08:35:17-04:00,939,1300,28
2026-09-04T08:40:17-04:00,923,1300,29
2026-09-04T08:45:13-04:00,913,1300,30
2026-09-04T08:50:14-04:00,899,1300,31
2026-09-04T08:55:13-04:00,890,1300,32
2026-09-04T09:00:20-04:00,883,1300,32
2026-09-04T09:05:12-04:00,870,1300,33
2026-09-04T09:10:13-04:00,859,1300,34
2026-09-04T09:15:16-04:00,843,1300,35
2026-09-04T09:20:14-04:00,826,1300,36
2026-09-04T09:25:12-04:00,819,1300,37
2026-09-04T09:30:20-04:00,810,1300,38
2026-09-04T09:35:12-04:00,806,1300,38
2026-09-04T09:40:14-04:00,794,1300,39
2026-09-04T09:45:14-04:00,787,1300,39
2026-09-04T09:51:25-04:00,778,1300,40
2026-09-04T09:55:21-04:00,773,1300,41
2026-09-04T10:00:20-04:00,766,1300,41
2026-09-04T10:05:13-04:00,756,1300,42
2026-09-04T10:10:13-04:00,757,1300,42
2026-09-04T10:15:15-04:00,752,1300,42
2026-09-04T10:20:15-04:00,746,1300,43
2026-09-04T10:25:14-04:00,740,1300,43
2026-09-04T10:30:18-04:00,739,1300,43
2026-09-04T10:35:12-04:00,743,1300,43
2026-09-04T10:40:14-04:00,738,1300,43
2026-09-04T10:45:13-04:00,738,1300,43
2026-09-04T10:50:15-04:00,738,1300,43
2026-09-04T10:55:12-04:00,734,1300,44
2026-09-04T10:55:44-04:00,734,1300,44
2026-09-04T11:00:22-04:00,731,1300,44
2026-09-04T11:05:15-04:00,733,1300,44
2026-09-04T11:10:13-04:00,728,1300,44
2026-09-04T11:15:14-04:00,731,1300,44
2026-09-04T11:20:14-04:00,732,1300,44
2026-09-04T11:25:12-04:00,727,1300,44
2026-09-04T11:30:17-04:00,722,1300,44
2026-09-04T11:35:13-04:00,722,1300,44
2026-09-04T11:40:13-04:00,717,1300,45
2026-09-04T11:45:13-04:00,718,1300,45
2026-09-04T11:50:13-04:00,716,1300,45
2026-09-04T11:55:10-04:00,710,1300,45
2026-09-04T12:00:22-04:00,704,1300,46
2026-09-04T12:05:12-04:00,702,1300,46
2026-09-04T12:10:15-04:00,708,1300,46
2026-09-04T12:15:16-04:00,702,1300,46
2026-09-04T12:20:19-04:00,702,1300,46
2026-09-04T12:25:12-04:00,708,1300,46
2026-09-04T12:30:14-04:00,705,1300,46
2026-09-04T12:35:11-04:00,705,1300,46
2026-09-04T12:40:14-04:00,705,1300,46
2026-09-04T12:45:15-04:00,699,1300,46
2026-09-04T12:50:15-04:00,699,1300,46
2026-09-04T12:55:12-04:00,699,1300,46
2026-09-04T13:00:23-04:00,698,1300,46
2026-09-04T13:05:12-04:00,702,1300,46
2026-09-04T13:10:15-04:00,705,1300,46
2026-09-04T13:15:14-04:00,707,1300,46
2026-09-04T13:20:16-04:00,711,1300,45
2026-09-04T13:25:11-04:00,715,1300,45
2026-09-04T13:30:16-04:00,718,1300,45
2026-09-04T13:35:10-04:00,716,1300,45
2026-09-04T13:40:12-04:00,713,1300,45
2026-09-04T13:45:14-04:00,724,1300,44
2026-09-04T13:50:21-04:00,727,1300,44
2026-09-04T13:55:11-04:00,729,1300,44
2026-09-04T14:00:20-04:00,745,1300,43
2026-09-04T14:04:09-04:00,746,1300,43
2026-09-04T14:05:15-04:00,746,1300,43
2026-09-04T14:10:16-04:00,746,1300,43
2026-09-04T14:15:12-04:00,752,1300,42
2026-09-04T14:20:12-04:00,759,1300,42
2026-09-04T14:25:12-04:00,766,1300,41
2026-09-04T14:30:16-04:00,768,1300,41
2026-09-04T14:35:14-04:00,771,1300,41
2026-09-04T14:40:17-04:00,773,1300,41
2026-09-04T14:45:12-04:00,780,1300,40
2026-09-04T14:50:14-04:00,780,1300,40
2026-09-04T14:55:11-04:00,788,1300,39
2026-09-04T15:00:19-04:00,799,1300,39
2026-09-04T15:05:11-04:00,813,1300,37
2026-09-04T15:10:13-04:00,824,1300,37
2026-09-04T15:15:15-04:00,829,1300,36
2026-09-04T15:20:13-04:00,839,1300,35
2026-09-04T15:25:12-04:00,841,1300,35
2026-09-04T15:30:18-04:00,850,1300,35
2026-09-04T15:35:14-04:00,856,1300,34
2026-09-04T15:40:14-04:00,862,1300,34
2026-09-04T15:45:14-04:00,867,1300,33
2026-09-04T15:50:15-04:00,870,1300,33
2026-09-04T15:55:46-04:00,876,1300,33
2026-09-04T16:00:23-04:00,877,1300,33
2026-09-04T16:05:17-04:00,883,1300,32
2026-09-04T16:10:17-04:00,896,1300,31
2026-09-04T16:15:15-04:00,908,1300,30
2026-09-04T16:20:13-04:00,918,1300,29
2026-09-04T16:25:13-04:00,927,1300,29
2026-09-04T16:30:17-04:00,931,1300,28
2026-09-04T16:35:14-04:00,932,1300,28
2026-09-04T16:40:12-04:00,942,1300,28
2026-09-04T16:42:43-04:00,948,1300,27
2026-09-04T16:45:15-04:00,952,1300,27
2026-09-04T16:50:13-04:00,959,1300,26
2026-09-04T16:55:16-04:00,962,1300,26
2026-09-04T17:00:20-04:00,969,1300,25
2026-09-04T17:05:11-04:00,975,1300,25
2026-09-04T17:10:12-04:00,983,1300,24
2026-09-04T17:15:15-04:00,994,1300,24
2026-09-04T17:20:14-04:00,1004,1300,23
2026-09-04T17:25:12-04:00,1019,1300,22
2026-09-04T17:30:15-04:00,1028,1300,21
2026-09-04T17:35:13-04:00,1041,1300,20
2026-09-04T17:40:13-04:00,1043,1300,20
2026-09-04T17:45:13-04:00,1046,1300,20
2026-09-04T17:50:13-04:00,1053,1300,19
2026-09-04T17:55:10-04:00,1056,1300,19
2026-09-04T18:00:21-04:00,1060,1300,18
2026-09-04T18:05:13-04:00,1065,1300,18
2026-09-04T18:10:16-04:00,1066,1300,18
2026-09-04T18:15:15-04:00,1071,1300,18
2026-09-04T18:20:17-04:00,1074,1300,17
2026-09-04T18:25:11-04:00,1079,1300,17
2026-09-04T18:30:14-04:00,1081,1300,17
2026-09-04T18:32:41-04:00,1083,1300,17
2026-09-04T18:35:11-04:00,1083,1300,17
2026-09-04T18:40:17-04:00,1089,1300,16
2026-09-04T18:45:13-04:00,1096,1300,16
2026-09-04T18:50:15-04:00,1097,1300,16
2026-09-04T18:55:12-04:00,1102,1300,15
2026-09-04T19:00:56-04:00,1108,1300,15
2026-09-04T19:05:11-04:00,1114,1300,14
2026-09-04T19:10:13-04:00,1119,1300,14
2026-09-04T19:15:14-04:00,1119,1300,14
2026-09-04T19:20:13-04:00,1119,1300,14
2026-09-04T19:25:11-04:00,1118,1300,14
2026-09-04T19:30:14-04:00,1119,1300,14
2026-09-04T19:36:43-04:00,1121,1300,14
2026-09-04T19:40:13-04:00,1124,1300,14
2026-09-04T19:45:14-04:00,1124,1300,14
2026-09-04T19:50:12-04:00,1123,1300,14
2026-09-04T19:55:12-04:00,1131,1300,13
2026-09-04T20:00:20-04:00,1134,1300,13
2026-09-04T20:05:14-04:00,1135,1300,13
2026-09-04T20:10:14-04:00,1135,1300,13
2026-09-04T20:15:13-04:00,1134,1300,13
2026-09-04T20:19:56-04:00,1136,1300,13
2026-09-04T20:20:13-04:00,1136,1300,13
2026-09-04T20:25:11-04:00,1136,1300,13
2026-09-04T20:30:16-04:00,1137,1300,13
2026-09-04T20:35:13-04:00,1137,1300,13
2026-09-04T20:40:12-04:00,1137,1300,13
2026-09-04T20:45:12-04:00,1136,1300,13
2026-09-04T20:50:13-04:00,1137,1300,13
2026-09-04T20:55:11-04:00,1137,1300,13
2026-09-04T21:00:18-04:00,1138,1300,12
2026-09-04T21:05:10-04:00,1139,1300,12
2026-09-04T21:10:27-04:00,1139,1300,12
2026-09-04T21:15:15-04:00,1139,1300,12
2026-09-04T21:20:14-04:00,1139,1300,12
2026-09-04T21:25:11-04:00,1142,1300,12
2026-09-04T21:30:18-04:00,1143,1300,12
2026-09-04T21:35:11-04:00,1143,1300,12
2026-09-04T21:40:13-04:00,1145,1300,12
2026-09-04T21:45:12-04:00,1146,1300,12
2026-09-04T21:50:13-04:00,1148,1300,12
2026-09-04T21:55:11-04:00,1148,1300,12
2026-09-04T22:00:18-04:00,1149,1300,12
2026-09-04T22:05:11-04:00,1150,1300,12
2026-09-04T22:10:14-04:00,1151,1300,11
2026-09-04T22:15:13-04:00,1153,1300,11
2026-09-04T22:20:13-04:00,1155,1300,11
2026-09-04T22:25:11-04:00,1155,1300,11
2026-09-04T22:30:17-04:00,1154,1300,11
2026-09-04T22:35:12-04:00,1154,1300,11
2026-09-04T22:40:12-04:00,1154,1300,11
2026-09-04T22:45:12-04:00,1156,1300,11
2026-09-04T22:50:13-04:00,1155,1300,11
2026-09-04T22:55:11-04:00,1157,1300,11
2026-09-04T23:00:18-04:00,1159,1300,11
2026-09-04T23:05:12-04:00,1159,1300,11
2026-09-04T23:10:13-04:00,1159,1300,11
2026-09-04T23:15:15-04:00,1160,1300,11
2026-09-04T23:20:14-04:00,1160,1300,11
2026-09-04T23:25:13-04:00,1160,1300,11
2026-09-04T23:30:17-04:00,1160,1300,11
2026-09-04T23:35:13-04:00,1160,1300,11
2026-09-04T23:40:13-04:00,1162,1300,11
2026-09-04T23:45:15-04:00,1164,1300,10
2026-09-04T23:50:14-04:00,1164,1300,10
2026-09-04T23:55:11-04:00,1164,1300,10
2026-09-05T00:05:11-04:00,1166,1300,10
2026-09-05T00:10:16-04:00,1167,1300,10
2026-09-05T00:15:13-04:00,1167,1300,10
2026-09-05T00:20:16-04:00,1167,1300,10
2026-09-05T00:25:11-04:00,1168,1300,10
2026-09-05T00:30:14-04:00,1168,1300,10
2026-09-05T00:35:12-04:00,1168,1300,10
2026-09-05T00:40:13-04:00,1167,1300,10
2026-09-05T00:45:14-04:00,1172,1300,10
2026-09-05T00:50:13-04:00,1172,1300,10
2026-09-05T00:55:13-04:00,1173,1300,10
2026-09-05T01:00:20-04:00,1174,1300,10
2026-09-05T01:05:11-04:00,1174,1300,10
2026-09-05T01:10:12-04:00,1174,1300,10
2026-09-05T01:15:13-04:00,1174,1300,10
2026-09-05T01:20:13-04:00,1174,1300,10
2026-09-05T01:25:11-04:00,1174,1300,10
2026-09-05T01:30:16-04:00,1174,1300,10
2026-09-05T01:35:11-04:00,1175,1300,10
2026-09-05T01:40:12-04:00,1175,1300,10
2026-09-05T01:45:13-04:00,1175,1300,10
2026-09-05T01:50:12-04:00,1176,1300,10
2026-09-05T01:55:11-04:00,1176,1300,10
2026-09-05T02:00:19-04:00,1176,1300,10
2026-09-05T02:05:11-04:00,1177,1300,9
2026-09-05T02:10:13-04:00,1177,1300,9
2026-09-05T02:15:14-04:00,1177,1300,9
2026-09-05T02:20:15-04:00,1178,1300,9
2026-09-05T02:25:13-04:00,1178,1300,9
2026-09-05T02:30:15-04:00,1178,1300,9
2026-09-05T02:35:47-04:00,1178,1300,9
2026-09-05T02:40:12-04:00,1178,1300,9
2026-09-05T02:45:13-04:00,1178,1300,9
2026-09-05T02:50:18-04:00,1178,1300,9
2026-09-05T02:55:12-04:00,1178,1300,9
2026-09-05T03:00:23-04:00,1178,1300,9
2026-09-05T03:05:11-04:00,1178,1300,9
2026-09-05T03:10:14-04:00,1178,1300,9
2026-09-05T03:15:13-04:00,1178,1300,9
2026-09-05T03:20:13-04:00,1178,1300,9
2026-09-05T03:25:10-04:00,1178,1300,9
2026-09-05T03:30:16-04:00,1178,1300,9
2026-09-05T03:35:12-04:00,1178,1300,9
2026-09-05T03:40:15-04:00,1178,1300,9
2026-09-05T03:45:12-04:00,1178,1300,9
2026-09-05T03:50:13-04:00,1178,1300,9
2026-09-05T03:55:12-04:00,1178,1300,9
2026-09-05T04:00:20-04:00,1178,1300,9
2026-09-05T04:05:11-04:00,1178,1300,9
2026-09-05T04:10:13-04:00,1178,1300,9
2026-09-05T04:15:11-04:00,1178,1300,9
2026-09-05T04:20:12-04:00,1177,1300,9
2026-09-05T04:25:11-04:00,1177,1300,9
2026-09-05T04:30:18-04:00,1177,1300,9
2026-09-05T04:35:10-04:00,1177,1300,9
2026-09-05T04:35:46-04:00,1177,1300,9
2026-09-05T04:40:13-04:00,1177,1300,9
2026-09-05T04:45:14-04:00,1177,1300,9
2026-09-05T04:50:14-04:00,1177,1300,9
2026-09-05T04:55:12-04:00,1177,1300,9
2026-09-05T05:00:20-04:00,1177,1300,9
2026-09-05T05:05:12-04:00,1177,1300,9
2026-09-05T05:10:14-04:00,1177,1300,9
2026-09-05T05:15:12-04:00,1177,1300,9
2026-09-05T05:20:12-04:00,1177,1300,9
2026-09-05T05:25:11-04:00,1177,1300,9
2026-09-05T05:30:15-04:00,1177,1300,9
2026-09-05T05:35:14-04:00,1177,1300,9
2026-09-05T05:40:13-04:00,1177,1300,9
2026-09-05T05:45:14-04:00,1177,1300,9
2026-09-05T05:50:13-04:00,1177,1300,9
2026-09-05T05:55:13-04:00,1176,1300,10
2026-09-05T06:00:18-04:00,1176,1300,10
2026-09-05T06:05:12-04:00,1176,1300,10
2026-09-05T06:10:14-04:00,1176,1300,10
2026-09-05T06:15:15-04:00,1176,1300,10
2026-09-05T06:20:15-04:00,1176,1300,10
2026-09-05T06:25:10-04:00,1176,1300,10
2026-09-05T06:30:15-04:00,1176,1300,10
2026-09-05T06:35:11-04:00,1174,1300,10
2026-09-05T06:40:14-04:00,1174,1300,10
2026-09-05T06:45:13-04:00,1173,1300,10
2026-09-05T06:50:14-04:00,1173,1300,10
2026-09-05T06:55:12-04:00,1172,1300,10
2026-09-05T07:00:20-04:00,1172,1300,10
2026-09-05T07:05:10-04:00,1171,1300,10
2026-09-05T07:10:14-04:00,1172,1300,10
2026-09-05T07:15:14-04:00,1172,1300,10
2026-09-05T07:20:13-04:00,1172,1300,10
2026-09-05T07:25:11-04:00,1172,1300,10
2026-09-05T07:30:16-04:00,1171,1300,10
2026-09-05T07:35:10-04:00,1171,1300,10
2026-09-05T07:40:13-04:00,1169,1300,10
2026-09-05T07:45:14-04:00,1170,1300,10
2026-09-05T07:50:13-04:00,1170,1300,10
2026-09-05T07:55:12-04:00,1170,1300,10
2026-09-05T08:00:18-04:00,1170,1300,10
2026-09-05T08:01:49-04:00,1170,1300,10
2026-09-05T08:05:12-04:00,1170,1300,10
2026-09-05T08:10:12-04:00,1170,1300,10
2026-09-05T08:15:12-04:00,1170,1300,10
2026-09-05T08:20:15-04:00,1170,1300,10
2026-09-05T08:25:12-04:00,1170,1300,10
2026-09-05T08:30:18-04:00,1170,1300,10
2026-09-05T08:35:11-04:00,1170,1300,10
2026-09-05T08:40:12-04:00,1170,1300,10
2026-09-05T08:45:14-04:00,1168,1300,10
2026-09-05T08:50:13-04:00,1168,1300,10
2026-09-05T08:55:11-04:00,1168,1300,10
2026-09-05T09:00:21-04:00,1168,1300,10
2026-09-05T09:05:13-04:00,1168,1300,10
2026-09-05T09:10:13-04:00,1168,1300,10
2026-09-05T09:15:12-04:00,1167,1300,10
2026-09-05T09:20:13-04:00,1167,1300,10
2026-09-05T09:25:12-04:00,1167,1300,10
2026-09-05T09:30:17-04:00,1167,1300,10
2026-09-05T09:35:31-04:00,1167,1300,10
2026-09-05T09:40:13-04:00,1166,1300,10
2026-09-05T09:45:13-04:00,1166,1300,10
2026-09-05T09:50:14-04:00,1166,1300,10
2026-09-05T09:55:11-04:00,1166,1300,10
2026-09-05T10:00:20-04:00,1166,1300,10
2026-09-05T10:05:11-04:00,1166,1300,10
2026-09-05T10:10:14-04:00,1164,1300,10
2026-09-05T10:15:25-04:00,1164,1300,10
2026-09-05T10:20:12-04:00,1163,1300,11
2026-09-05T10:25:11-04:00,1163,1300,11
2026-09-05T10:30:15-04:00,1163,1300,11
2026-09-05T10:35:12-04:00,1163,1300,11
2026-09-05T10:40:12-04:00,1164,1300,10
2026-09-05T10:45:15-04:00,1164,1300,10
2026-09-05T10:50:14-04:00,1165,1300,10
2026-09-05T10:55:11-04:00,1165,1300,10
2026-09-05T11:00:20-04:00,1165,1300,10
2026-09-05T11:04:15-04:00,1164,1300,10
2026-09-05T11:05:10-04:00,1164,1300,10
2026-09-05T11:10:14-04:00,1164,1300,10
2026-09-05T11:15:19-04:00,1164,1300,10
2026-09-05T11:20:14-04:00,1164,1300,10
2026-09-05T11:25:10-04:00,1164,1300,10
2026-09-05T11:30:18-04:00,1164,1300,10
2026-09-05T11:35:12-04:00,1164,1300,10
2026-09-05T11:40:14-04:00,1164,1300,10
2026-09-05T11:45:12-04:00,1164,1300,10
2026-09-05T11:50:13-04:00,1164,1300,10
2026-09-05T11:55:11-04:00,1166,1300,10
2026-09-05T12:00:18-04:00,1164,1300,10
2026-09-05T12:05:11-04:00,1164,1300,10
2026-09-05T12:10:12-04:00,1165,1300,10
2026-09-05T12:15:11-04:00,1164,1300,10
2026-09-05T12:20:12-04:00,1164,1300,10
2026-09-05T12:25:11-04:00,1164,1300,10
2026-09-05T12:30:17-04:00,1164,1300,10
2026-09-05T12:35:12-04:00,1163,1300,11
2026-09-05T12:40:13-04:00,1163,1300,11
2026-09-05T12:45:16-04:00,1163,1300,11
2026-09-05T12:50:51-04:00,1163,1300,11
2026-09-05T12:55:12-04:00,1163,1300,11
2026-09-05T13:00:18-04:00,1163,1300,11
2026-09-05T13:05:11-04:00,1163,1300,11
2026-09-05T13:10:12-04:00,1162,1300,11
2026-09-05T13:15:12-04:00,1160,1300,11
2026-09-05T13:17:00-04:00,1160,1300,11
2026-09-05T13:20:13-04:00,1160,1300,11
2026-09-05T13:25:11-04:00,1160,1300,11
2026-09-05T13:30:15-04:00,1160,1300,11
2026-09-05T13:35:13-04:00,1159,1300,11
2026-09-05T13:40:14-04:00,1158,1300,11
2026-09-05T13:45:15-04:00,1158,1300,11
2026-09-05T13:50:13-04:00,1158,1300,11
2026-09-05T13:55:11-04:00,1156,1300,11
2026-09-05T14:00:55-04:00,1156,1300,11
2026-09-05T14:05:13-04:00,1156,1300,11
2026-09-05T14:10:14-04:00,1155,1300,11
2026-09-05T14:15:13-04:00,1156,1300,11
2026-09-05T14:20:14-04:00,1154,1300,11
2026-09-05T14:25:11-04:00,1154,1300,11
2026-09-05T14:30:16-04:00,1154,1300,11
2026-09-05T14:35:11-04:00,1156,1300,11
2026-09-05T14:40:13-04:00,1157,1300,11
2026-09-05T14:45:13-04:00,1158,1300,11
2026-09-05T14:50:14-04:00,1158,1300,11
2026-09-05T14:55:13-04:00,1155,1300,11
2026-09-05T15:00:20-04:00,1155,1300,11
2026-09-05T15:05:12-04:00,1156,1300,11
2026-09-05T15:06:21-04:00,1156,1300,11
2026-09-05T15:10:48-04:00,1156,1300,11
2026-09-05T15:15:14-04:00,1156,1300,11
2026-09-05T15:20:12-04:00,1156,1300,11
2026-09-05T15:25:12-04:00,1156,1300,11
2026-09-05T15:30:19-04:00,1156,1300,11
2026-09-05T15:35:12-04:00,1157,1300,11
2026-09-05T15:40:14-04:00,1157,1300,11
2026-09-05T15:45:13-04:00,1157,1300,11
2026-09-05T15:50:13-04:00,1154,1300,11
2026-09-05T15:55:13-04:00,1155,1300,11
2026-09-05T16:00:19-04:00,1154,1300,11
2026-09-05T16:05:10-04:00,1154,1300,11
2026-09-05T16:10:14-04:00,1154,1300,11
2026-09-05T16:15:14-04:00,1153,1300,11
2026-09-05T16:20:13-04:00,1153,1300,11
2026-09-05T16:25:12-04:00,1153,1300,11
2026-09-05T16:30:15-04:00,1153,1300,11
2026-09-05T16:35:12-04:00,1153,1300,11
2026-09-05T16:40:11-04:00,1152,1300,11
2026-09-05T16:45:16-04:00,1151,1300,11
2026-09-05T16:50:13-04:00,1154,1300,11
2026-09-05T16:55:13-04:00,1154,1300,11
2026-09-05T17:00:17-04:00,1154,1300,11
2026-09-05T17:05:14-04:00,1152,1300,11
2026-09-05T17:10:14-04:00,1153,1300,11
2026-09-05T17:15:15-04:00,1153,1300,11
2026-09-05T17:20:14-04:00,1153,1300,11
2026-09-05T17:25:13-04:00,1153,1300,11
2026-09-05T17:30:15-04:00,1153,1300,11
2026-09-05T17:35:13-04:00,1153,1300,11
2026-09-05T17:40:15-04:00,1153,1300,11
2026-09-05T17:45:16-04:00,1153,1300,11
2026-09-05T17:50:13-04:00,1153,1300,11
2026-09-05T17:55:14-04:00,1154,1300,11
2026-09-05T18:00:20-04:00,1155,1300,11
2026-09-05T18:05:11-04:00,1154,1300,11
2026-09-05T18:10:12-04:00,1154,1300,11
2026-09-05T18:15:12-04:00,1154,1300,11
2026-09-05T18:20:14-04:00,1156,1300,11
2026-09-05T18:25:13-04:00,1157,1300,11
2026-09-05T18:30:15-04:00,1157,1300,11
2026-09-05T18:35:12-04:00,1157,1300,11
2026-09-05T18:40:14-04:00,1157,1300,11
2026-09-05T18:45:12-04:00,1157,1300,11
2026-09-05T18:50:15-04:00,1159,1300,11
2026-09-05T18:54:08-04:00,1158,1300,11
2026-09-05T18:55:12-04:00,1158,1300,11
2026-09-05T19:00:19-04:00,1158,1300,11
2026-09-05T19:05:11-04:00,1158,1300,11
2026-09-05T19:10:14-04:00,1161,1300,11
2026-09-05T19:15:16-04:00,1161,1300,11
2026-09-05T19:20:14-04:00,1161,1300,11
2026-09-05T19:25:11-04:00,1160,1300,11
2026-09-05T19:30:16-04:00,1160,1300,11
2026-09-05T19:35:12-04:00,1161,1300,11
2026-09-05T19:40:15-04:00,1161,1300,11
2026-09-05T19:45:14-04:00,1161,1300,11
2026-09-05T19:50:14-04:00,1160,1300,11
2026-09-05T19:55:14-04:00,1160,1300,11
2026-09-05T20:00:22-04:00,1160,1300,11
2026-09-05T20:05:12-04:00,1160,1300,11
2026-09-05T20:10:14-04:00,1159,1300,11
2026-09-05T20:15:13-04:00,1159,1300,11
2026-09-05T20:20:15-04:00,1159,1300,11
2026-09-05T20:25:12-04:00,1159,1300,11
2026-09-05T20:27:40-04:00,1159,1300,11
2026-09-05T20:30:15-04:00,1159,1300,11
2026-09-05T20:35:11-04:00,1160,1300,11
2026-09-05T20:40:12-04:00,1161,1300,11
2026-09-05T20:45:15-04:00,1160,1300,11
2026-09-05T20:50:18-04:00,1159,1300,11
2026-09-05T20:55:12-04:00,1158,1300,11
2026-09-05T21:00:18-04:00,1158,1300,11
2026-09-05T21:05:12-04:00,1159,1300,11
2026-09-05T21:10:12-04:00,1162,1300,11
2026-09-05T21:15:12-04:00,1161,1300,11
2026-09-05T21:20:13-04:00,1161,1300,11
2026-09-05T21:25:10-04:00,1161,1300,11
2026-09-05T21:30:16-04:00,1160,1300,11
2026-09-05T21:35:10-04:00,1160,1300,11
2026-09-05T21:40:14-04:00,1160,1300,11
2026-09-05T21:45:11-04:00,1160,1300,11
2026-09-05T21:50:13-04:00,1159,1300,11
2026-09-05T21:55:11-04:00,1161,1300,11
2026-09-05T22:00:18-04:00,1161,1300,11
2026-09-05T22:05:12-04:00,1161,1300,11
2026-09-05T22:10:15-04:00,1161,1300,11
2026-09-05T22:15:14-04:00,1161,1300,11
2026-09-05T22:20:14-04:00,1161,1300,11
2026-09-05T22:25:10-04:00,1161,1300,11
2026-09-05T22:30:14-04:00,1161,1300,11
2026-09-05T22:35:11-04:00,1161,1300,11
2026-09-05T22:40:13-04:00,1161,1300,11
2026-09-05T22:45:13-04:00,1162,1300,11
2026-09-05T22:50:12-04:00,1162,1300,11
2026-09-05T22:55:11-04:00,1162,1300,11
2026-09-05T23:00:38-04:00,1162,1300,11
2026-09-05T23:05:11-04:00,1162,1300,11
2026-09-05T23:10:13-04:00,1162,1300,11
2026-09-05T23:15:14-04:00,1163,1300,11
2026-09-05T23:20:13-04:00,1164,1300,10
2026-09-05T23:25:11-04:00,1164,1300,10
2026-09-05T23:30:16-04:00,1163,1300,11
2026-09-05T23:35:12-04:00,1163,1300,11
2026-09-05T23:40:13-04:00,1163,1300,11
2026-09-05T23:45:12-04:00,1163,1300,11
2026-09-05T23:50:12-04:00,1162,1300,11
2026-09-05T23:55:12-04:00,1162,1300,11
2026-09-06T00:00:17-04:00,1162,1300,11
2026-09-06T00:05:11-04:00,1162,1300,11
2026-09-06T00:10:14-04:00,1162,1300,11
2026-09-06T00:15:11-04:00,1163,1300,11
2026-09-06T00:20:12-04:00,1164,1300,10
2026-09-06T00:25:12-04:00,1164,1300,10
2026-09-06T00:30:16-04:00,1164,1300,10
2026-09-06T00:35:23-04:00,1164,1300,10
2026-09-06T00:40:13-04:00,1164,1300,10
2026-09-06T00:45:13-04:00,1165,1300,10
2026-09-06T00:50:13-04:00,1166,1300,10
2026-09-06T00:55:13-04:00,1166,1300,10
2026-09-06T00:57:56-04:00,1166,1300,10
2026-09-06T01:00:17-04:00,1166,1300,10
2026-09-06T01:05:11-04:00,1166,1300,10
2026-09-06T01:10:12-04:00,1166,1300,10
2026-09-06T01:15:13-04:00,1166,1300,10
2026-09-06T01:20:14-04:00,1167,1300,10
2026-09-06T01:25:10-04:00,1167,1300,10
2026-09-06T01:30:15-04:00,1167,1300,10
2026-09-06T01:35:10-04:00,1167,1300,10
2026-09-06T01:40:13-04:00,1167,1300,10
2026-09-06T01:45:14-04:00,1167,1300,10
2026-09-06T01:50:15-04:00,1168,1300,10
2026-09-06T01:55:12-04:00,1168,1300,10
2026-09-06T02:00:19-04:00,1168,1300,10
2026-09-06T02:05:12-04:00,1168,1300,10
2026-09-06T02:10:14-04:00,1169,1300,10
2026-09-06T02:15:12-04:00,1170,1300,10
2026-09-06T02:20:12-04:00,1170,1300,10
2026-09-06T02:25:10-04:00,1170,1300,10
2026-09-06T02:30:15-04:00,1170,1300,10
2026-09-06T02:35:13-04:00,1170,1300,10
2026-09-06T02:40:14-04:00,1170,1300,10
2026-09-06T02:45:15-04:00,1170,1300,10
2026-09-06T02:50:13-04:00,1170,1300,10
2026-09-06T02:55:13-04:00,1170,1300,10
2026-09-06T03:00:20-04:00,1170,1300,10
2026-09-06T03:05:13-04:00,1170,1300,10
2026-09-06T03:10:15-04:00,1170,1300,10
2026-09-06T03:15:12-04:00,1171,1300,10
2026-09-06T03:20:15-04:00,1171,1300,10
2026-09-06T03:25:12-04:00,1171,1300,10
2026-09-06T03:30:15-04:00,1171,1300,10
2026-09-06T03:35:14-04:00,1171,1300,10
2026-09-06T03:40:13-04:00,1171,1300,10
2026-09-06T03:45:15-04:00,1171,1300,10
2026-09-06T03:50:13-04:00,1171,1300,10
2026-09-06T03:55:11-04:00,1171,1300,10
2026-09-06T04:00:18-04:00,1171,1300,10
2026-09-06T04:05:12-04:00,1171,1300,10
2026-09-06T04:10:12-04:00,1171,1300,10
2026-09-06T04:15:14-04:00,1171,1300,10
2026-09-06T04:20:13-04:00,1171,1300,10
2026-09-06T04:25:23-04:00,1171,1300,10
2026-09-06T04:30:16-04:00,1171,1300,10
2026-09-06T04:35:11-04:00,1171,1300,10
2026-09-06T04:40:13-04:00,1171,1300,10
2026-09-06T04:45:14-04:00,1171,1300,10
2026-09-06T04:50:14-04:00,1171,1300,10
2026-09-06T04:55:11-04:00,1171,1300,10
2026-09-06T05:00:53-04:00,1171,1300,10
2026-09-06T05:05:12-04:00,1171,1300,10
2026-09-06T05:10:14-04:00,1171,1300,10
2026-09-06T05:12:43-04:00,1171,1300,10
2026-09-06T05:15:12-04:00,1171,1300,10
2026-09-06T05:20:13-04:00,1171,1300,10
2026-09-06T05:25:12-04:00,1171,1300,10
2026-09-06T05:30:16-04:00,1171,1300,10
2026-09-06T05:35:12-04:00,1171,1300,10
2026-09-06T05:40:18-04:00,1171,1300,10
2026-09-06T05:45:13-04:00,1171,1300,10
2026-09-06T05:50:14-04:00,1171,1300,10
2026-09-06T05:55:12-04:00,1171,1300,10
2026-09-06T06:00:19-04:00,1171,1300,10
2026-09-06T06:05:12-04:00,1171,1300,10
2026-09-06T06:10:13-04:00,1171,1300,10
2026-09-06T06:15:13-04:00,1170,1300,10
2026-09-06T06:20:19-04:00,1170,1300,10
2026-09-06T06:25:13-04:00,1170,1300,10
2026-09-06T06:30:18-04:00,1169,1300,10
2026-09-06T06:35:12-04:00,1169,1300,10
2026-09-06T06:40:13-04:00,1169,1300,10
2026-09-06T06:45:13-04:00,1168,1300,10
2026-09-06T06:50:15-04:00,1166,1300,10
2026-09-06T06:55:13-04:00,1166,1300,10
2026-09-06T07:00:20-04:00,1166,1300,10
2026-09-06T07:05:24-04:00,1166,1300,10
2026-09-06T07:10:14-04:00,1167,1300,10
2026-09-06T07:15:13-04:00,1166,1300,10
2026-09-06T07:20:14-04:00,1166,1300,10
2026-09-06T07:25:12-04:00,1166,1300,10
2026-09-06T07:30:17-04:00,1166,1300,10
2026-09-06T07:35:10-04:00,1166,1300,10
2026-09-06T07:40:14-04:00,1166,1300,10
2026-09-06T07:45:15-04:00,1166,1300,10
2026-09-06T07:50:14-04:00,1166,1300,10
2026-09-06T07:55:46-04:00,1166,1300,10
2026-09-06T08:00:54-04:00,1166,1300,10
2026-09-06T08:05:12-04:00,1165,1300,10
2026-09-06T08:10:14-04:00,1165,1300,10
2026-09-06T08:15:13-04:00,1165,1300,10
2026-09-06T08:20:13-04:00,1165,1300,10
2026-09-06T08:25:11-04:00,1165,1300,10
2026-09-06T08:30:15-04:00,1165,1300,10
2026-09-06T08:35:12-04:00,1165,1300,10
2026-09-06T08:40:14-04:00,1165,1300,10
2026-09-06T08:45:13-04:00,1165,1300,10
2026-09-06T08:50:19-04:00,1165,1300,10
2026-09-06T08:53:41-04:00,1165,1300,10
2026-09-06T08:55:11-04:00,1165,1300,10
2026-09-06T09:00:18-04:00,1165,1300,10
2026-09-06T09:05:12-04:00,1165,1300,10
2026-09-06T09:10:13-04:00,1164,1300,10
2026-09-06T09:15:14-04:00,1164,1300,10
2026-09-06T09:20:14-04:00,1164,1300,10
2026-09-06T09:25:13-04:00,1164,1300,10
2026-09-06T09:30:16-04:00,1164,1300,10
2026-09-06T09:35:12-04:00,1163,1300,11
2026-09-06T09:40:14-04:00,1163,1300,11
2026-09-06T09:45:14-04:00,1163,1300,11
2026-09-06T09:50:13-04:00,1163,1300,11
2026-09-06T09:55:12-04:00,1163,1300,11
2026-09-06T10:00:20-04:00,1163,1300,11
2026-09-06T10:05:13-04:00,1163,1300,11
2026-09-06T10:10:12-04:00,1163,1300,11
2026-09-06T10:15:13-04:00,1163,1300,11
2026-09-06T10:20:14-04:00,1163,1300,11
2026-09-06T10:25:12-04:00,1163,1300,11
2026-09-06T10:30:15-04:00,1163,1300,11
2026-09-06T10:35:13-04:00,1162,1300,11
2026-09-06T10:40:12-04:00,1162,1300,11
2026-09-06T10:45:12-04:00,1162,1300,11
2026-09-06T10:50:13-04:00,1162,1300,11
2026-09-06T10:55:13-04:00,1162,1300,11
2026-09-06T11:00:18-04:00,1162,1300,11
2026-09-06T11:05:10-04:00,1162,1300,11
2026-09-06T11:10:14-04:00,1162,1300,11
2026-09-06T11:15:13-04:00,1162,1300,11
2026-09-06T11:20:13-04:00,1162,1300,11
2026-09-06T11:25:12-04:00,1162,1300,11
2026-09-06T11:30:17-04:00,1161,1300,11
2026-09-06T11:35:11-04:00,1161,1300,11
2026-09-06T11:40:14-04:00,1160,1300,11
2026-09-06T11:45:13-04:00,1159,1300,11
2026-09-06T11:50:13-04:00,1159,1300,11
2026-09-06T11:54:48-04:00,1159,1300,11
2026-09-06T11:55:11-04:00,1159,1300,11
2026-09-06T12:00:22-04:00,1157,1300,11
2026-09-06T12:05:11-04:00,1157,1300,11
2026-09-06T12:10:13-04:00,1157,1300,11
2026-09-06T12:15:13-04:00,1157,1300,11
2026-09-06T12:20:15-04:00,1157,1300,11
2026-09-06T12:25:11-04:00,1157,1300,11
2026-09-06T12:30:16-04:00,1158,1300,11
2026-09-06T12:35:13-04:00,1158,1300,11
2026-09-06T12:40:14-04:00,1158,1300,11
2026-09-06T12:45:13-04:00,1158,1300,11
2026-09-06T12:50:13-04:00,1158,1300,11
2026-09-06T12:55:12-04:00,1159,1300,11
2026-09-06T13:00:19-04:00,1159,1300,11
2026-09-06T13:05:11-04:00,1159,1300,11
2026-09-06T13:10:14-04:00,1159,1300,11
2026-09-06T13:15:13-04:00,1160,1300,11
2026-09-06T13:20:14-04:00,1160,1300,11
2026-09-06T13:25:14-04:00,1160,1300,11
2026-09-06T13:30:18-04:00,1161,1300,11
2026-09-06T13:35:11-04:00,1159,1300,11
2026-09-06T13:40:14-04:00,1159,1300,11
2026-09-06T13:45:15-04:00,1159,1300,11
2026-09-06T13:50:15-04:00,1159,1300,11
2026-09-06T13:55:13-04:00,1159,1300,11
2026-09-06T13:57:10-04:00,1159,1300,11
2026-09-06T14:00:18-04:00,1159,1300,11
2026-09-06T14:05:11-04:00,1159,1300,11
2026-09-06T14:10:15-04:00,1159,1300,11
2026-09-06T14:15:13-04:00,1159,1300,11
2026-09-06T14:20:13-04:00,1158,1300,11
2026-09-06T14:25:10-04:00,1158,1300,11
2026-09-06T14:30:15-04:00,1156,1300,11
2026-09-06T14:35:13-04:00,1155,1300,11
2026-09-06T14:40:13-04:00,1155,1300,11
2026-09-06T14:45:15-04:00,1154,1300,11
2026-09-06T14:50:13-04:00,1155,1300,11
2026-09-06T14:55:12-04:00,1154,1300,11
2026-09-06T15:00:18-04:00,1154,1300,11
2026-09-06T15:05:14-04:00,1154,1300,11
2026-09-06T15:10:13-04:00,1154,1300,11
2026-09-06T15:15:13-04:00,1154,1300,11
2026-09-06T15:20:13-04:00,1154,1300,11
2026-09-06T15:25:13-04:00,1155,1300,11
2026-09-06T15:30:28-04:00,1155,1300,11
2026-09-06T15:35:13-04:00,1155,1300,11
2026-09-06T15:40:13-04:00,1153,1300,11
2026-09-06T15:45:14-04:00,1153,1300,11
2026-09-06T15:50:49-04:00,1153,1300,11
2026-09-06T15:55:11-04:00,1152,1300,11
2026-09-06T16:00:21-04:00,1152,1300,11
2026-09-06T16:05:13-04:00,1153,1300,11
2026-09-06T16:05:56-04:00,1152,1300,11
2026-09-06T16:10:13-04:00,1152,1300,11
2026-09-06T16:15:13-04:00,1152,1300,11
2026-09-06T16:20:13-04:00,1152,1300,11
2026-09-06T16:25:13-04:00,1152,1300,11
2026-09-06T16:30:14-04:00,1153,1300,11
2026-09-06T16:35:10-04:00,1153,1300,11
2026-09-06T16:40:14-04:00,1153,1300,11
2026-09-06T16:45:14-04:00,1154,1300,11
2026-09-06T16:50:14-04:00,1154,1300,11
2026-09-06T16:55:11-04:00,1153,1300,11
2026-09-06T17:00:19-04:00,1154,1300,11
2026-09-06T17:05:11-04:00,1154,1300,11
2026-09-06T17:10:14-04:00,1154,1300,11
2026-09-06T17:15:13-04:00,1154,1300,11
2026-09-06T17:20:13-04:00,1154,1300,11
2026-09-06T17:25:11-04:00,1154,1300,11
2026-09-06T17:30:16-04:00,1154,1300,11
2026-09-06T17:35:11-04:00,1154,1300,11
2026-09-06T17:40:12-04:00,1154,1300,11
2026-09-06T17:45:13-04:00,1154,1300,11
2026-09-06T17:50:12-04:00,1154,1300,11
2026-09-06T17:55:11-04:00,1154,1300,11
2026-09-06T18:00:23-04:00,1154,1300,11
2026-09-06T18:05:11-04:00,1154,1300,11
2026-09-06T18:05:42-04:00,1154,1300,11
2026-09-06T18:10:13-04:00,1154,1300,11
2026-09-06T18:15:12-04:00,1154,1300,11
2026-09-06T18:20:14-04:00,1155,1300,11
2026-09-06T18:25:12-04:00,1155,1300,11
2026-09-06T18:30:23-04:00,1155,1300,11
2026-09-06T18:35:14-04:00,1155,1300,11
2026-09-06T18:40:11-04:00,1154,1300,11
2026-09-06T18:45:13-04:00,1152,1300,11
2026-09-06T18:50:12-04:00,1153,1300,11
2026-09-06T18:55:12-04:00,1154,1300,11
2026-09-06T19:00:21-04:00,1154,1300,11
2026-09-06T19:05:11-04:00,1154,1300,11
2026-09-06T19:10:13-04:00,1154,1300,11
2026-09-06T19:15:15-04:00,1155,1300,11
2026-09-06T19:20:12-04:00,1155,1300,11
2026-09-06T19:25:11-04:00,1155,1300,11
2026-09-06T19:30:17-04:00,1156,1300,11
2026-09-06T19:35:11-04:00,1156,1300,11
2026-09-06T19:40:13-04:00,1156,1300,11
2026-09-06T19:45:12-04:00,1156,1300,11
2026-09-06T19:49:35-04:00,1156,1300,11
2026-09-06T19:50:12-04:00,1156,1300,11
2026-09-06T19:55:11-04:00,1156,1300,11
2026-09-06T20:00:19-04:00,1159,1300,11
2026-09-06T20:05:12-04:00,1159,1300,11
2026-09-06T20:10:15-04:00,1159,1300,11
2026-09-06T20:15:13-04:00,1159,1300,11
2026-09-06T20:20:14-04:00,1159,1300,11
2026-09-06T20:25:12-04:00,1158,1300,11
2026-09-06T20:30:15-04:00,1158,1300,11
2026-09-06T20:35:48-04:00,1158,1300,11
2026-09-06T20:40:13-04:00,1158,1300,11
2026-09-06T20:45:25-04:00,1158,1300,11
2026-09-06T20:50:13-04:00,1158,1300,11
2026-09-06T20:55:10-04:00,1158,1300,11
2026-09-06T21:00:19-04:00,1157,1300,11
2026-09-06T21:05:10-04:00,1157,1300,11
2026-09-06T21:10:13-04:00,1159,1300,11
2026-09-06T21:15:12-04:00,1159,1300,11
2026-09-06T21:20:07-04:00,1158,1300,11
2026-09-06T21:25:11-04:00,1158,1300,11
2026-09-06T21:30:17-04:00,1156,1300,11
2026-09-06T21:35:15-04:00,1157,1300,11
2026-09-06T21:40:13-04:00,1157,1300,11
2026-09-06T21:45:12-04:00,1157,1300,11
2026-09-06T21:50:15-04:00,1157,1300,11
2026-09-06T21:55:12-04:00,1157,1300,11
2026-09-06T22:00:19-04:00,1157,1300,11
2026-09-06T22:05:13-04:00,1158,1300,11
2026-09-06T22:10:13-04:00,1158,1300,11
2026-09-06T22:15:12-04:00,1158,1300,11
2026-09-06T22:20:14-04:00,1158,1300,11
2026-09-06T22:25:12-04:00,1158,1300,11
2026-09-06T22:30:17-04:00,1158,1300,11
2026-09-06T22:35:13-04:00,1157,1300,11
2026-09-06T22:40:14-04:00,1157,1300,11
2026-09-06T22:45:13-04:00,1156,1300,11
2026-09-06T22:50:13-04:00,1155,1300,11
2026-09-06T22:55:10-04:00,1155,1300,11
2026-09-06T23:00:18-04:00,1155,1300,11
2026-09-06T23:05:11-04:00,1155,1300,11
2026-09-06T23:10:16-04:00,1155,1300,11
2026-09-06T23:15:14-04:00,1155,1300,11
2026-09-06T23:20:17-04:00,1156,1300,11
2026-09-06T23:25:13-04:00,1157,1300,11
2026-09-06T23:30:18-04:00,1157,1300,11
2026-09-06T23:35:12-04:00,1157,1300,11
2026-09-06T23:40:13-04:00,1157,1300,11
2026-09-06T23:45:12-04:00,1157,1300,11
2026-09-06T23:50:13-04:00,1157,1300,11
2026-09-06T23:55:23-04:00,1157,1300,11
2026-09-07T00:00:19-04:00,1158,1300,11
2026-09-07T00:05:11-04:00,1158,1300,11
2026-09-07T00:10:14-04:00,1158,1300,11
2026-09-07T00:15:13-04:00,1158,1300,11
2026-09-07T00:20:14-04:00,1158,1300,11
2026-09-07T00:25:13-04:00,1158,1300,11
2026-09-07T00:30:16-04:00,1158,1300,11
2026-09-07T00:35:11-04:00,1157,1300,11
2026-09-07T00:40:14-04:00,1157,1300,11
2026-09-07T00:45:13-04:00,1157,1300,11
2026-09-07T00:50:14-04:00,1157,1300,11
2026-09-07T00:55:12-04:00,1157,1300,11
2026-09-07T01:00:18-04:00,1157,1300,11
2026-09-07T01:05:13-04:00,1157,1300,11
2026-09-07T01:10:15-04:00,1157,1300,11
2026-09-07T01:15:14-04:00,1157,1300,11
2026-09-07T01:20:13-04:00,1157,1300,11
2026-09-07T01:25:10-04:00,1157,1300,11
2026-09-07T01:30:53-04:00,1157,1300,11
2026-09-07T01:35:12-04:00,1158,1300,11
2026-09-07T01:40:12-04:00,1158,1300,11
2026-09-07T01:45:14-04:00,1158,1300,11
2026-09-07T01:50:13-04:00,1158,1300,11
2026-09-07T01:55:11-04:00,1158,1300,11
2026-09-07T02:00:18-04:00,1158,1300,11
2026-09-07T02:05:13-04:00,1160,1300,11
2026-09-07T02:11:25-04:00,1160,1300,11
2026-09-07T02:12:22-04:00,1160,1300,11
2026-09-07T02:15:14-04:00,1160,1300,11
2026-09-07T02:20:14-04:00,1160,1300,11
2026-09-07T02:25:13-04:00,1161,1300,11
2026-09-07T02:30:17-04:00,1161,1300,11
2026-09-07T02:35:11-04:00,1161,1300,11
2026-09-07T02:40:14-04:00,1161,1300,11
2026-09-07T02:45:18-04:00,1161,1300,11
2026-09-07T02:50:15-04:00,1161,1300,11
2026-09-07T02:55:47-04:00,1161,1300,11
2026-09-07T03:00:20-04:00,1161,1300,11
2026-09-07T03:05:12-04:00,1161,1300,11
2026-09-07T03:10:16-04:00,1159,1300,11
2026-09-07T03:15:16-04:00,1159,1300,11
2026-09-07T03:20:14-04:00,1159,1300,11
2026-09-07T03:25:12-04:00,1159,1300,11
2026-09-07T03:30:16-04:00,1159,1300,11
2026-09-07T03:35:13-04:00,1159,1300,11
2026-09-07T03:40:13-04:00,1159,1300,11
2026-09-07T03:45:13-04:00,1159,1300,11
2026-09-07T03:50:16-04:00,1159,1300,11
2026-09-07T03:55:10-04:00,1159,1300,11
2026-09-07T04:00:18-04:00,1159,1300,11
2026-09-07T04:05:11-04:00,1159,1300,11
2026-09-07T04:10:13-04:00,1159,1300,11
2026-09-07T04:15:14-04:00,1159,1300,11
2026-09-07T04:20:13-04:00,1159,1300,11
2026-09-07T04:25:13-04:00,1159,1300,11
2026-09-07T04:30:16-04:00,1159,1300,11
2026-09-07T04:35:12-04:00,1159,1300,11
2026-09-07T04:40:14-04:00,1159,1300,11
2026-09-07T04:45:14-04:00,1159,1300,11
2026-09-07T04:50:15-04:00,1159,1300,11
2026-09-07T04:55:11-04:00,1159,1300,11
2026-09-07T05:00:19-04:00,1159,1300,11
2026-09-07T05:05:12-04:00,1159,1300,11
2026-09-07T05:10:14-04:00,1159,1300,11
2026-09-07T05:15:15-04:00,1159,1300,11
2026-09-07T05:20:13-04:00,1159,1300,11
2026-09-07T05:25:11-04:00,1159,1300,11
2026-09-07T05:30:15-04:00,1159,1300,11
2026-09-07T05:35:12-04:00,1159,1300,11
2026-09-07T05:40:15-04:00,1159,1300,11
2026-09-07T05:45:15-04:00,1159,1300,11
2026-09-07T05:50:15-04:00,1159,1300,11
2026-09-07T05:55:13-04:00,1159,1300,11
2026-09-07T06:00:21-04:00,1159,1300,11
2026-09-07T06:05:13-04:00,1159,1300,11
2026-09-07T06:10:13-04:00,1159,1300,11
2026-09-07T06:15:13-04:00,1158,1300,11
2026-09-07T06:20:13-04:00,1158,1300,11
2026-09-07T06:25:12-04:00,1157,1300,11
2026-09-07T06:30:15-04:00,1157,1300,11
2026-09-07T06:35:12-04:00,1157,1300,11
2026-09-07T06:40:13-04:00,1157,1300,11
2026-09-07T06:45:14-04:00,1156,1300,11
2026-09-07T06:50:14-04:00,1155,1300,11
2026-09-07T06:55:12-04:00,1154,1300,11
2026-09-07T07:00:20-04:00,1154,1300,11
2026-09-07T07:05:10-04:00,1154,1300,11
2026-09-07T07:10:13-04:00,1154,1300,11
2026-09-07T07:15:14-04:00,1154,1300,11
2026-09-07T07:20:15-04:00,1154,1300,11
2026-09-07T07:25:13-04:00,1154,1300,11
2026-09-07T07:30:16-04:00,1154,1300,11
2026-09-07T07:35:12-04:00,1154,1300,11
2026-09-07T07:40:15-04:00,1154,1300,11
2026-09-07T07:45:14-04:00,1154,1300,11
2026-09-07T07:50:16-04:00,1154,1300,11
2026-09-07T07:55:11-04:00,1154,1300,11
2026-09-07T08:00:20-04:00,1154,1300,11
2026-09-07T08:05:13-04:00,1154,1300,11
2026-09-07T08:10:15-04:00,1154,1300,11
2026-09-07T08:15:13-04:00,1154,1300,11
2026-09-07T08:20:12-04:00,1154,1300,11
2026-09-07T08:25:13-04:00,1154,1300,11
2026-09-07T08:30:18-04:00,1154,1300,11
2026-09-07T08:34:21-04:00,1154,1300,11
2026-09-07T08:35:14-04:00,1154,1300,11
2026-09-07T08:40:13-04:00,1154,1300,11
2026-09-07T08:45:15-04:00,1154,1300,11
2026-09-07T08:50:14-04:00,1154,1300,11
2026-09-07T08:55:11-04:00,1153,1300,11
2026-09-07T09:00:20-04:00,1153,1300,11
2026-09-07T09:05:16-04:00,1153,1300,11
2026-09-07T09:10:15-04:00,1153,1300,11
2026-09-07T09:15:13-04:00,1153,1300,11
2026-09-07T09:20:15-04:00,1153,1300,11
2026-09-07T09:25:13-04:00,1152,1300,11
2026-09-07T09:30:19-04:00,1152,1300,11
2026-09-07T09:35:14-04:00,1151,1300,11
2026-09-07T09:40:13-04:00,1150,1300,12
2026-09-07T09:45:13-04:00,1150,1300,12
2026-09-07T09:50:15-04:00,1150,1300,12
2026-09-07T09:55:12-04:00,1149,1300,12
2026-09-07T10:00:20-04:00,1149,1300,12
2026-09-07T10:05:11-04:00,1149,1300,12
2026-09-07T10:10:15-04:00,1149,1300,12
2026-09-07T10:15:13-04:00,1149,1300,12
2026-09-07T10:20:13-04:00,1149,1300,12
2026-09-07T10:25:11-04:00,1149,1300,12
2026-09-07T10:30:17-04:00,1143,1300,12
2026-09-07T10:35:12-04:00,1143,1300,12
2026-09-07T10:40:51-04:00,1140,1300,12
2026-09-07T10:45:14-04:00,1140,1300,12
2026-09-07T10:50:15-04:00,1140,1300,12
2026-09-07T10:55:12-04:00,1139,1300,12
2026-09-07T11:00:19-04:00,1140,1300,12
2026-09-07T11:05:13-04:00,1140,1300,12
2026-09-07T11:10:14-04:00,1140,1300,12
2026-09-07T11:15:13-04:00,1141,1300,12
2026-09-07T11:20:16-04:00,1141,1300,12
2026-09-07T11:25:11-04:00,1141,1300,12
2026-09-07T11:30:18-04:00,1140,1300,12
2026-09-07T11:35:14-04:00,1140,1300,12
2026-09-07T11:40:14-04:00,1140,1300,12
2026-09-07T11:45:15-04:00,1140,1300,12
2026-09-07T11:50:13-04:00,1140,1300,12
2026-09-07T11:55:14-04:00,1139,1300,12
2026-09-07T12:00:19-04:00,1139,1300,12
2026-09-07T12:05:11-04:00,1139,1300,12
2026-09-07T12:10:13-04:00,1137,1300,13
2026-09-07T12:15:51-04:00,1135,1300,13
2026-09-07T12:20:14-04:00,1137,1300,13
2026-09-07T12:25:13-04:00,1137,1300,13
2026-09-07T12:30:18-04:00,1137,1300,13
2026-09-07T12:35:12-04:00,1138,1300,12
2026-09-07T12:40:15-04:00,1138,1300,12
2026-09-07T12:45:14-04:00,1138,1300,12
2026-09-07T12:50:13-04:00,1137,1300,13
2026-09-07T12:55:13-04:00,1138,1300,12
2026-09-07T13:00:20-04:00,1138,1300,12
2026-09-07T13:05:15-04:00,1138,1300,12
2026-09-07T13:10:13-04:00,1135,1300,13
2026-09-07T13:15:13-04:00,1135,1300,13
2026-09-07T13:20:13-04:00,1135,1300,13
2026-09-07T13:25:11-04:00,1135,1300,13
2026-09-07T13:30:16-04:00,1137,1300,13
2026-09-07T13:35:12-04:00,1137,1300,13
2026-09-07T13:40:12-04:00,1136,1300,13
2026-09-07T13:45:13-04:00,1137,1300,13
2026-09-07T13:50:13-04:00,1137,1300,13
2026-09-07T13:53:11-04:00,1136,1300,13
2026-09-07T13:55:12-04:00,1136,1300,13
2026-09-07T14:00:20-04:00,1136,1300,13
2026-09-07T14:05:15-04:00,1137,1300,13
2026-09-07T14:10:13-04:00,1135,1300,13
2026-09-07T14:15:13-04:00,1136,1300,13
2026-09-07T14:20:14-04:00,1136,1300,13
2026-09-07T14:25:13-04:00,1137,1300,13
2026-09-07T14:30:53-04:00,1138,1300,12
2026-09-07T14:35:25-04:00,1138,1300,12
2026-09-07T14:40:14-04:00,1137,1300,13
2026-09-07T14:45:13-04:00,1136,1300,13
2026-09-07T14:50:13-04:00,1135,1300,13
2026-09-07T14:55:12-04:00,1134,1300,13
2026-09-07T15:00:18-04:00,1134,1300,13
2026-09-07T15:05:12-04:00,1132,1300,13
2026-09-07T15:10:15-04:00,1131,1300,13
2026-09-07T15:15:12-04:00,1131,1300,13
2026-09-07T15:20:13-04:00,1130,1300,13
2026-09-07T15:25:10-04:00,1130,1300,13
2026-09-07T15:30:17-04:00,1129,1300,13
2026-09-07T15:35:11-04:00,1129,1300,13
2026-09-07T15:40:15-04:00,1130,1300,13
2026-09-07T15:45:12-04:00,1130,1300,13
2026-09-07T15:50:13-04:00,1129,1300,13
2026-09-07T15:55:13-04:00,1128,1300,13
2026-09-07T16:00:18-04:00,1129,1300,13
2026-09-07T16:05:14-04:00,1130,1300,13
2026-09-07T16:10:13-04:00,1130,1300,13
2026-09-07T16:15:15-04:00,1128,1300,13
2026-09-07T16:20:14-04:00,1128,1300,13
2026-09-07T16:25:11-04:00,1127,1300,13
2026-09-07T16:30:17-04:00,1127,1300,13
2026-09-07T16:35:12-04:00,1126,1300,13
2026-09-07T16:40:13-04:00,1126,1300,13
2026-09-07T16:45:15-04:00,1126,1300,13
2026-09-07T16:50:14-04:00,1125,1300,13
2026-09-07T16:54:49-04:00,1125,1300,13
2026-09-07T16:55:11-04:00,1125,1300,13
2026-09-07T17:00:19-04:00,1125,1300,13
2026-09-07T17:05:14-04:00,1123,1300,14
2026-09-07T17:10:12-04:00,1123,1300,14
2026-09-07T17:15:13-04:00,1123,1300,14
2026-09-07T17:20:13-04:00,1122,1300,14
2026-09-07T17:25:11-04:00,1123,1300,14
2026-09-07T17:30:16-04:00,1124,1300,14
2026-09-07T17:35:10-04:00,1124,1300,14
2026-09-07T17:40:14-04:00,1124,1300,14
2026-09-07T17:45:14-04:00,1125,1300,13
2026-09-07T17:50:14-04:00,1126,1300,13
2026-09-07T17:55:11-04:00,1126,1300,13
2026-09-07T18:00:20-04:00,1126,1300,13
2026-09-07T18:05:11-04:00,1126,1300,13
2026-09-07T18:10:14-04:00,1126,1300,13
2026-09-07T18:15:14-04:00,1126,1300,13
2026-09-07T18:20:13-04:00,1128,1300,13
2026-09-07T18:25:12-04:00,1128,1300,13
2026-09-07T18:30:16-04:00,1128,1300,13
2026-09-07T18:35:11-04:00,1127,1300,13
2026-09-07T18:40:15-04:00,1128,1300,13
2026-09-07T18:45:12-04:00,1129,1300,13
2026-09-07T18:50:16-04:00,1129,1300,13
2026-09-07T18:55:11-04:00,1128,1300,13
2026-09-07T19:00:18-04:00,1128,1300,13
2026-09-07T19:05:11-04:00,1129,1300,13
2026-09-07T19:10:14-04:00,1129,1300,13
2026-09-07T19:14:30-04:00,1128,1300,13
2026-09-07T19:15:17-04:00,1128,1300,13
2026-09-07T19:20:14-04:00,1128,1300,13
2026-09-07T19:25:12-04:00,1128,1300,13
2026-09-07T19:30:17-04:00,1128,1300,13
2026-09-07T19:35:11-04:00,1130,1300,13
2026-09-07T19:40:14-04:00,1130,1300,13
2026-09-07T19:45:13-04:00,1136,1300,13
2026-09-07T19:50:15-04:00,1136,1300,13
2026-09-07T19:55:11-04:00,1136,1300,13
2026-09-07T20:00:19-04:00,1136,1300,13
2026-09-07T20:05:11-04:00,1136,1300,13
2026-09-07T20:10:14-04:00,1136,1300,13
2026-09-07T20:15:16-04:00,1137,1300,13
2026-09-07T20:20:12-04:00,1137,1300,13
2026-09-07T20:25:11-04:00,1137,1300,13
2026-09-07T20:30:15-04:00,1277,1300,2
2026-09-07T20:35:12-04:00,1277,1300,2
2026-09-07T20:40:15-04:00,1277,1300,2
2026-09-07T20:45:13-04:00,1277,1300,2
2026-09-07T20:50:13-04:00,1276,1300,2
2026-09-07T20:55:13-04:00,1279,1300,2
2026-09-07T21:00:18-04:00,1279,1300,2
2026-09-07T21:05:17-04:00,1279,1300,2
2026-09-07T21:10:15-04:00,1280,1300,2
2026-09-07T21:14:01-04:00,1280,1300,2
2026-09-07T21:15:15-04:00,1279,1300,2
2026-09-07T21:20:13-04:00,1278,1300,2
2026-09-07T21:25:11-04:00,1278,1300,2
2026-09-07T21:30:17-04:00,1279,1300,2
2026-09-07T21:35:10-04:00,1279,1300,2
2026-09-07T21:40:15-04:00,1280,1300,2
2026-09-07T21:45:12-04:00,1281,1300,1
2026-09-07T21:50:13-04:00,1281,1300,1
2026-09-07T21:55:48-04:00,1281,1300,1
2026-09-07T22:00:20-04:00,1281,1300,1
2026-09-07T22:05:11-04:00,1281,1300,1
2026-09-07T22:10:16-04:00,1281,1300,1
2026-09-07T22:15:13-04:00,1281,1300,1
2026-09-07T22:20:13-04:00,1281,1300,1
2026-09-07T22:25:11-04:00,1281,1300,1
2026-09-07T22:30:19-04:00,1281,1300,1
2026-09-07T22:35:10-04:00,1281,1300,1
2026-09-07T22:40:51-04:00,1281,1300,1
2026-09-07T22:45:11-04:00,1281,1300,1
2026-09-07T22:50:12-04:00,1281,1300,1
2026-09-07T22:55:14-04:00,1280,1300,2
2026-09-07T23:00:19-04:00,1280,1300,2
2026-09-07T23:05:13-04:00,1280,1300,2
2026-09-07T23:10:12-04:00,1280,1300,2
2026-09-07T23:15:13-04:00,1280,1300,2
2026-09-07T23:20:16-04:00,1280,1300,2
2026-09-07T23:25:10-04:00,1280,1300,2
2026-09-07T23:30:15-04:00,1280,1300,2
2026-09-07T23:35:11-04:00,1280,1300,2
2026-09-07T23:40:16-04:00,1280,1300,2
2026-09-07T23:45:13-04:00,1280,1300,2
2026-09-07T23:50:13-04:00,1280,1300,2
2026-09-07T23:55:11-04:00,1280,1300,2
2026-09-08T00:00:17-04:00,1280,1300,2
2026-09-08T00:05:10-04:00,1280,1300,2
2026-09-08T00:10:19-04:00,1280,1300,2
2026-09-08T00:15:12-04:00,1280,1300,2
2026-09-08T00:20:14-04:00,1281,1300,1
2026-09-08T00:25:12-04:00,1281,1300,1
2026-09-08T00:30:16-04:00,1281,1300,1
2026-09-08T00:35:10-04:00,1281,1300,1
2026-09-08T00:40:13-04:00,1281,1300,1
2026-09-08T00:45:14-04:00,1281,1300,1
2026-09-08T00:50:26-04:00,1281,1300,1
2026-09-08T00:55:12-04:00,1281,1300,1
2026-09-08T01:00:20-04:00,1281,1300,1
2026-09-08T01:05:14-04:00,1281,1300,1
2026-09-08T01:10:14-04:00,1281,1300,1
2026-09-08T01:15:13-04:00,1281,1300,1
2026-09-08T01:20:17-04:00,1281,1300,1
2026-09-08T01:25:12-04:00,1281,1300,1
2026-09-08T01:30:19-04:00,1281,1300,1
2026-09-08T01:35:12-04:00,1281,1300,1
2026-09-08T01:40:13-04:00,1281,1300,1
2026-09-08T01:45:13-04:00,1281,1300,1
2026-09-08T01:50:14-04:00,1281,1300,1
2026-09-08T01:55:12-04:00,1281,1300,1
2026-09-08T01:59:30-04:00,1281,1300,1
2026-09-08T02:00:19-04:00,1281,1300,1
2026-09-08T02:05:11-04:00,1281,1300,1
2026-09-08T02:10:14-04:00,1281,1300,1
2026-09-08T02:15:26-04:00,1281,1300,1
2026-09-08T02:20:14-04:00,1281,1300,1
2026-09-08T02:25:11-04:00,1281,1300,1
2026-09-08T02:30:16-04:00,1281,1300,1
2026-09-08T02:35:11-04:00,1281,1300,1
2026-09-08T02:40:16-04:00,1281,1300,1
2026-09-08T02:45:14-04:00,1281,1300,1
2026-09-08T02:50:14-04:00,1281,1300,1
2026-09-08T02:55:10-04:00,1281,1300,1
2026-09-08T03:00:18-04:00,1281,1300,1
2026-09-08T03:05:11-04:00,1281,1300,1
2026-09-08T03:10:14-04:00,1281,1300,1
2026-09-08T03:15:12-04:00,1281,1300,1
2026-09-08T03:20:13-04:00,1281,1300,1
2026-09-08T03:25:12-04:00,1281,1300,1
2026-09-08T03:30:16-04:00,1281,1300,1
2026-09-08T03:35:11-04:00,1281,1300,1
2026-09-08T03:40:14-04:00,1281,1300,1
2026-09-08T03:45:13-04:00,1281,1300,1
2026-09-08T03:50:14-04:00,1281,1300,1
2026-09-08T03:55:11-04:00,1281,1300,1
2026-09-08T04:00:19-04:00,1281,1300,1
2026-09-08T04:05:14-04:00,1281,1300,1
2026-09-08T04:10:18-04:00,1281,1300,1
2026-09-08T04:15:14-04:00,1281,1300,1
2026-09-08T04:20:15-04:00,1281,1300,1
2026-09-08T04:25:14-04:00,1281,1300,1
2026-09-08T04:30:17-04:00,1281,1300,1
2026-09-08T04:35:13-04:00,1281,1300,1
2026-09-08T04:40:13-04:00,1281,1300,1
2026-09-08T04:45:13-04:00,1281,1300,1
2026-09-08T04:50:14-04:00,1281,1300,1
2026-09-08T04:55:12-04:00,1281,1300,1
2026-09-08T05:00:20-04:00,1281,1300,1
2026-09-08T05:05:11-04:00,1281,1300,1
2026-09-08T05:10:14-04:00,1281,1300,1
2026-09-08T05:15:14-04:00,1281,1300,1
2026-09-08T05:20:20-04:00,1281,1300,1
2026-09-08T05:25:14-04:00,1281,1300,1
2026-09-08T05:30:16-04:00,1281,1300,1
2026-09-08T05:35:12-04:00,1280,1300,2
2026-09-08T05:40:14-04:00,1280,1300,2
2026-09-08T05:45:17-04:00,1279,1300,2
2026-09-08T05:50:14-04:00,1277,1300,2
2026-09-08T05:55:13-04:00,1277,1300,2
2026-09-08T06:00:19-04:00,1273,1300,2
2026-09-08T06:05:12-04:00,1263,1300,3
2026-09-08T06:10:15-04:00,1263,1300,3
2026-09-08T06:15:16-04:00,1260,1300,3
2026-09-08T06:20:14-04:00,1257,1300,3
2026-09-08T06:25:12-04:00,1253,1300,4
2026-09-08T06:30:17-04:00,1251,1300,4
2026-09-08T06:35:12-04:00,1249,1300,4
2026-09-08T06:40:15-04:00,1241,1300,5
2026-09-08T06:45:14-04:00,1235,1300,5
2026-09-08T06:50:12-04:00,1226,1300,6
2026-09-08T06:55:11-04:00,1208,1300,7
2026-09-08T07:00:22-04:00,1198,1300,8
2026-09-08T07:04:42-04:00,1193,1300,8
2026-09-08T07:05:12-04:00,1190,1300,8
2026-09-08T07:10:50-04:00,1169,1300,10
2026-09-08T07:15:15-04:00,1156,1300,11
2026-09-08T07:20:14-04:00,1132,1300,13
2026-09-08T07:25:11-04:00,1109,1300,15
2026-09-08T07:30:18-04:00,1091,1300,16
2026-09-08T07:35:12-04:00,1066,1300,18
2026-09-08T07:40:14-04:00,1045,1300,20
2026-09-08T07:45:14-04:00,1038,1300,20
2026-09-08T07:50:17-04:00,993,1300,24
2026-09-08T07:55:11-04:00,974,1300,25
2026-09-08T08:00:20-04:00,945,1300,27
2026-09-08T08:05:13-04:00,910,1300,30
2026-09-08T08:10:14-04:00,876,1300,33
2026-09-08T08:15:15-04:00,852,1300,34
2026-09-08T08:20:14-04:00,833,1300,36
2026-09-08T08:25:12-04:00,809,1300,38
2026-09-08T08:30:19-04:00,788,1300,39
2026-09-08T08:35:12-04:00,760,1300,42
2026-09-08T08:40:14-04:00,722,1300,44
2026-09-08T08:45:14-04:00,709,1300,45
2026-09-08T08:50:16-04:00,668,1300,49
2026-09-08T08:55:12-04:00,640,1300,51
2026-09-08T09:00:23-04:00,620,1300,52
2026-09-08T09:05:12-04:00,606,1300,53
2026-09-08T09:10:15-04:00,568,1300,56
2026-09-08T09:15:18-04:00,539,1300,59
2026-09-08T09:20:49-04:00,506,1300,61
2026-09-08T09:25:12-04:00,490,1300,62
2026-09-08T09:30:17-04:00,471,1300,64
2026-09-08T09:35:11-04:00,457,1300,65
2026-09-08T09:40:17-04:00,436,1300,66
2026-09-08T09:45:14-04:00,419,1300,68
2026-09-08T09:50:14-04:00,404,1300,69
2026-09-08T09:55:11-04:00,393,1300,70
2026-09-08T10:00:21-04:00,375,1300,71
2026-09-08T10:05:14-04:00,358,1300,72
2026-09-08T10:10:14-04:00,335,1300,74
2026-09-08T10:15:16-04:00,317,1300,76
2026-09-08T10:20:14-04:00,304,1300,77
2026-09-08T10:25:13-04:00,285,1300,78
2026-09-08T10:30:17-04:00,267,1300,79
2026-09-08T10:35:12-04:00,258,1300,80
2026-09-08T10:40:16-04:00,247,1300,81
2026-09-08T10:45:14-04:00,229,1300,82
2026-09-08T10:50:16-04:00,217,1300,83
2026-09-08T10:55:12-04:00,206,1300,84
2026-09-08T11:00:19-04:00,200,1300,85
2026-09-08T11:03:09-04:00,199,1300,85
2026-09-08T11:05:13-04:00,200,1300,85
2026-09-08T11:10:14-04:00,188,1300,86
2026-09-08T11:15:14-04:00,181,1300,86
2026-09-08T11:20:15-04:00,163,1300,87
2026-09-08T11:25:12-04:00,156,1300,88
2026-09-08T11:30:18-04:00,154,1300,88
2026-09-08T11:35:11-04:00,146,1300,89
2026-09-08T11:40:14-04:00,135,1300,90
2026-09-08T11:45:14-04:00,132,1300,90
2026-09-08T11:50:13-04:00,128,1300,90
2026-09-08T11:55:12-04:00,128,1300,90
2026-09-08T12:00:20-04:00,122,1300,91
2026-09-08T12:05:13-04:00,122,1300,91
2026-09-08T12:10:15-04:00,110,1300,92
2026-09-08T12:15:22-04:00,102,1300,92
2026-09-08T12:20:17-04:00,99,1300,92
2026-09-08T12:25:17-04:00,92,1300,93
2026-09-08T12:30:15-04:00,94,1300,93
2026-09-08T12:35:15-04:00,77,1300,94
2026-09-08T12:40:21-04:00,70,1300,95
2026-09-08T12:45:15-04:00,56,1300,96
2026-09-08T12:50:34-04:00,39,1300,97
2026-09-08T12:55:11-04:00,29,1300,98
2026-09-08T13:00:19-04:00,21,1300,98
2026-09-08T13:05:16-04:00,16,1300,99
2026-09-08T13:10:14-04:00,19,1300,99
2026-09-08T13:15:16-04:00,12,1300,99
2026-09-08T13:20:14-04:00,10,1300,99
2026-09-08T13:25:13-04:00,11,1300,99
2026-09-08T13:30:17-04:00,9,1300,99
2026-09-08T13:35:16-04:00,11,1300,99
2026-09-08T13:40:15-04:00,10,1300,99
2026-09-08T13:45:16-04:00,5,1300,100
2026-09-08T13:50:15-04:00,0,1300,100
2026-09-08T13:55:14-04:00,-2,1300,100
2026-09-08T14:00:20-04:00,-5,1300,100
2026-09-08T14:05:17-04:00,4,1300,100
2026-09-08T14:10:13-04:00,18,1300,99
2026-09-08T14:15:15-04:00,23,1300,98
2026-09-08T14:20:16-04:00,43,1300,97
2026-09-08T14:25:11-04:00,46,1300,96
2026-09-08T14:30:23-04:00,47,1300,96
2026-09-08T14:34:00-04:00,49,1300,96
2026-09-08T14:35:15-04:00,51,1300,96
2026-09-08T14:40:52-04:00,61,1300,95
2026-09-08T14:45:15-04:00,83,1300,94
2026-09-08T14:50:17-04:00,108,1300,92
2026-09-08T14:55:18-04:00,121,1300,91
2026-09-08T15:00:20-04:00,132,1300,90
2026-09-08T15:05:15-04:00,147,1300,89
2026-09-08T15:10:15-04:00,167,1300,87
2026-09-08T15:15:13-04:00,190,1300,85
2026-09-08T15:20:14-04:00,197,1300,85
2026-09-08T15:25:12-04:00,211,1300,84
2026-09-08T15:30:18-04:00,217,1300,83
2026-09-08T15:35:12-04:00,223,1300,83
2026-09-08T15:40:16-04:00,235,1300,82
2026-09-08T15:45:21-04:00,255,1300,80
2026-09-08T15:50:15-04:00,270,1300,79
2026-09-08T15:55:14-04:00,291,1300,78
2026-09-08T16:00:19-04:00,313,1300,76
2026-09-08T16:05:13-04:00,324,1300,75
2026-09-08T16:10:17-04:00,327,1300,75
2026-09-08T16:15:16-04:00,325,1300,75
2026-09-08T16:20:14-04:00,332,1300,74
2026-09-08T16:25:12-04:00,332,1300,74
2026-09-08T16:30:16-04:00,329,1300,75
2026-09-08T16:35:14-04:00,329,1300,75
2026-09-08T16:40:14-04:00,340,1300,74
2026-09-08T16:45:17-04:00,351,1300,73
2026-09-08T16:50:14-04:00,369,1300,72
2026-09-08T16:55:12-04:00,377,1300,71
2026-09-08T17:00:19-04:00,391,1300,70
2026-09-08T17:05:11-04:00,410,1300,68
2026-09-08T17:10:14-04:00,442,1300,66
2026-09-08T17:15:14-04:00,466,1300,64
2026-09-08T17:20:17-04:00,479,1300,63
2026-09-08T17:22:43-04:00,487,1300,63
2026-09-08T17:25:14-04:00,502,1300,61
2026-09-08T17:30:16-04:00,531,1300,59
2026-09-08T17:35:13-04:00,548,1300,58
2026-09-08T17:40:14-04:00,567,1300,56
2026-09-08T17:45:14-04:00,573,1300,56
2026-09-08T17:50:14-04:00,585,1300,55
2026-09-08T17:55:12-04:00,598,1300,54
2026-09-08T18:00:19-04:00,610,1300,53
2026-09-08T18:05:13-04:00,615,1300,53
2026-09-08T18:10:14-04:00,632,1300,51
2026-09-08T18:15:14-04:00,652,1300,50
2026-09-08T18:20:13-04:00,660,1300,49
2026-09-08T18:25:12-04:00,671,1300,48
2026-09-08T18:30:16-04:00,685,1300,47
2026-09-08T18:35:12-04:00,698,1300,46
2026-09-08T18:40:15-04:00,714,1300,45
2026-09-08T18:45:26-04:00,736,1300,43
2026-09-08T18:50:13-04:00,750,1300,42
2026-09-08T18:55:12-04:00,788,1300,39
2026-09-08T19:00:21-04:00,807,1300,38
2026-09-08T19:05:13-04:00,847,1300,35
2026-09-08T19:15:14-04:00,906,1300,30
2026-09-08T19:20:14-04:00,954,1300,27
2026-09-08T19:25:49-04:00,981,1300,25
2026-09-08T19:28:26-04:00,990,1300,24
2026-09-08T19:30:16-04:00,993,1300,24
2026-09-08T19:35:12-04:00,1005,1300,23
2026-09-08T19:40:13-04:00,1016,1300,22
2026-09-08T19:45:14-04:00,1026,1300,21
2026-09-08T19:50:13-04:00,1035,1300,20
2026-09-08T19:55:12-04:00,1048,1300,19
2026-09-08T20:00:21-04:00,1051,1300,19
2026-09-08T20:05:11-04:00,1062,1300,18
2026-09-08T20:10:16-04:00,1068,1300,18
2026-09-08T20:15:15-04:00,1073,1300,17
2026-09-08T20:20:14-04:00,1085,1300,17
2026-09-08T20:25:13-04:00,1091,1300,16
2026-09-08T20:30:17-04:00,1095,1300,16
2026-09-08T20:35:12-04:00,1102,1300,15
2026-09-08T20:40:14-04:00,1108,1300,15
2026-09-08T20:45:13-04:00,1117,1300,14
2026-09-08T20:50:12-04:00,1141,1300,12
2026-09-08T20:55:13-04:00,1160,1300,11
2026-09-08T21:00:20-04:00,1190,1300,8
2026-09-08T21:05:13-04:00,1216,1300,6
2026-09-08T21:10:14-04:00,1222,1300,6
2026-09-08T21:15:13-04:00,1224,1300,6
2026-09-08T21:20:15-04:00,1225,1300,6
2026-09-08T21:24:30-04:00,1232,1300,5
2026-09-08T21:25:12-04:00,1233,1300,5
2026-09-08T21:30:18-04:00,1238,1300,5
2026-09-08T21:35:12-04:00,1248,1300,4
2026-09-08T21:40:15-04:00,1250,1300,4
2026-09-08T21:45:13-04:00,1254,1300,4
2026-09-08T21:50:12-04:00,1256,1300,3
2026-09-08T21:55:13-04:00,1259,1300,3
2026-09-08T22:00:19-04:00,1259,1300,3
2026-09-08T22:05:12-04:00,1265,1300,3
2026-09-08T22:10:14-04:00,1268,1300,2
2026-09-08T22:15:14-04:00,1268,1300,2
2026-09-08T22:20:12-04:00,1270,1300,2
2026-09-08T22:25:11-04:00,1271,1300,2
2026-09-08T22:30:17-04:00,1273,1300,2
2026-09-08T22:35:10-04:00,1273,1300,2
2026-09-08T22:40:12-04:00,1272,1300,2
2026-09-08T22:45:16-04:00,1273,1300,2
2026-09-08T22:50:16-04:00,1274,1300,2
2026-09-08T22:55:11-04:00,1275,1300,2
2026-09-08T23:00:21-04:00,1275,1300,2
2026-09-08T23:05:10-04:00,1275,1300,2
2026-09-08T23:10:14-04:00,1276,1300,2
2026-09-08T23:15:14-04:00,1276,1300,2
2026-09-08T23:20:15-04:00,1276,1300,2
2026-09-08T23:25:12-04:00,1277,1300,2
2026-09-08T23:30:14-04:00,1277,1300,2
2026-09-08T23:35:13-04:00,1279,1300,2
2026-09-08T23:40:14-04:00,1283,1300,1
2026-09-08T23:45:13-04:00,1284,1300,1
2026-09-08T23:50:14-04:00,1286,1300,1
2026-09-08T23:55:10-04:00,1286,1300,1
2026-09-09T00:00:20-04:00,1286,1300,1
2026-09-09T00:05:13-04:00,1285,1300,1
2026-09-09T00:10:12-04:00,1285,1300,1
2026-09-09T00:15:13-04:00,1285,1300,1
2026-09-09T00:20:14-04:00,1285,1300,1
2026-09-09T00:25:13-04:00,1285,1300,1
2026-09-09T00:30:16-04:00,1285,1300,1
2026-09-09T00:35:11-04:00,1285,1300,1
2026-09-09T00:40:13-04:00,1285,1300,1
2026-09-09T00:45:12-04:00,1285,1300,1
2026-09-09T00:50:16-04:00,1284,1300,1
2026-09-09T00:55:13-04:00,1284,1300,1
2026-09-09T01:00:19-04:00,1284,1300,1
